{
  "version": "2026.01.09.1",
  "source": "database/migrations/011_comprehensive_team_aliases.sql + Barttorvik data",
  "notes": "SINGLE SOURCE OF TRUTH. All D1 teams and aliases. Added: st peters, iu indianapolis, wisc green bay, wisc milwaukee aliases.",
  "alias_count": 1318,
  "canonical_count": 377,
  "aliases": {
    "49ers": "Charlotte",
    "a&m commerce": "Texas A&M Commerce",
    "aamu": "Alabama A&M",
    "abilene christian": "Abilene Christian",
    "abilene christian wildcats": "Abilene Christian",
    "acu": "Abilene Christian",
    "aggies": "Texas A&M",
    "air force": "Air Force",
    "air force falcons": "Air Force",
    "akron": "Akron",
    "akron zips": "Akron",
    "alabama": "Alabama",
    "alabama a&m": "Alabama A&M",
    "alabama a&m bulldogs": "Alabama A&M",
    "alabama crimson tide": "Alabama",
    "alabama st hornets": "Alabama St.",
    "alabama st.": "Alabama St.",
    "alabama state": "Alabama St.",
    "alabama state hornets": "Alabama St.",
    "alabama-birmingham": "UAB",
    "albany": "Albany",
    "albany great danes": "Albany",
    "alcorn": "Alcorn St.",
    "alcorn st braves": "Alcorn St.",
    "alcorn st.": "Alcorn St.",
    "alcorn state": "Alcorn St.",
    "alcorn state braves": "Alcorn St.",
    "american": "American",
    "american eagles": "American",
    "american university": "American",
    "american university eagles": "American",
    "anteaters": "UC Irvine",
    "app state": "Appalachian St.",
    "app state mountaineers": "Appalachian St.",
    "appalachian st mountaineers": "Appalachian St.",
    "appalachian st.": "Appalachian St.",
    "appalachian state": "Appalachian St.",
    "appalachian state mountaineers": "Appalachian St.",
    "arizona": "Arizona",
    "arizona st sun devils": "Arizona St.",
    "arizona st.": "Arizona St.",
    "arizona state": "Arizona St.",
    "arizona state sun devils": "Arizona St.",
    "arizona wildcats": "Arizona",
    "arkansas": "Arkansas",
    "arkansas pine bluff": "Arkansas Pine Bluff",
    "arkansas pine bluff golden lions": "Arkansas Pine Bluff",
    "arkansas razorbacks": "Arkansas",
    "arkansas st red wolves": "Arkansas St.",
    "arkansas st.": "Arkansas St.",
    "arkansas state": "Arkansas St.",
    "arkansas state red wolves": "Arkansas St.",
    "arkansas-little rock trojans": "Little Rock",
    "arkansas-pine bluff golden lions": "Arkansas Pine Bluff",
    "army": "Army",
    "army black knights": "Army",
    "army west point": "Army",
    "asu": "Arizona St.",
    "au": "American",
    "auburn": "Auburn",
    "auburn tigers": "Auburn",
    "austin peay": "Austin Peay",
    "austin peay governors": "Austin Peay",
    "aztecs": "San Diego St.",
    "b-cu": "Bethune Cookman",
    "badgers": "Wisconsin",
    "ball st cardinals": "Ball St.",
    "ball st.": "Ball St.",
    "ball state": "Ball St.",
    "ball state cardinals": "Ball St.",
    "bama": "Alabama",
    "baylor": "Baylor",
    "baylor bears": "Baylor",
    "bc": "Boston College",
    "beacons": "Valparaiso",
    "bearcats": "Cincinnati",
    "bears": "Baylor",
    "beavers": "Oregon St.",
    "bellarmine": "Bellarmine",
    "belmont": "Belmont",
    "belmont bruins": "Belmont",
    "bethune cookman": "Bethune Cookman",
    "bethune cookman wildcats": "Bethune Cookman",
    "bethune-cookman": "Bethune Cookman",
    "bethune-cookman wildcats": "Bethune Cookman",
    "bgsu": "Bowling Green",
    "big green": "Dartmouth",
    "big red": "Cornell",
    "billikens": "Saint Louis",
    "binghamton": "Binghamton",
    "binghamton bearcats": "Binghamton",
    "black knights": "Army",
    "blazers": "UAB",
    "blue demons": "DePaul",
    "blue devils": "Duke",
    "blue raiders": "Middle Tennessee",
    "bluejays": "Creighton",
    "bobcats": "Ohio",
    "boilermakers": "Purdue",
    "boise st broncos": "Boise St.",
    "boise st.": "Boise St.",
    "boise state": "Boise St.",
    "boise state broncos": "Boise St.",
    "bonnies": "St. Bonaventure",
    "boston college": "Boston College",
    "boston college eagles": "Boston College",
    "boston u.": "Boston University",
    "boston univ terriers": "Boston University",
    "boston univ. terriers": "Boston University",
    "boston university": "Boston University",
    "boston university terriers": "Boston University",
    "bowling green": "Bowling Green",
    "bowling green falcons": "Bowling Green",
    "bradley": "Bradley",
    "bradley braves": "Bradley",
    "braves": "Bradley",
    "brigham young": "BYU",
    "broncos": "Boise St.",
    "broncs": "Rider",
    "brown": "Brown",
    "brown bears": "Brown",
    "bruins": "UCLA",
    "bryant": "Bryant",
    "bu": "Boston University",
    "buckeyes": "Ohio St.",
    "bucknell": "Bucknell",
    "bucknell bison": "Bucknell",
    "buffalo": "Buffalo",
    "buffalo bulls": "Buffalo",
    "buffaloes": "Colorado",
    "bulldogs": "Georgia",
    "bulls": "South Florida",
    "butler": "Butler",
    "butler bulldogs": "Butler",
    "byu": "BYU",
    "byu cougars": "BYU",
    "cal": "California",
    "cal baptist": "Cal Baptist",
    "cal baptist lancers": "Cal Baptist",
    "cal bears": "California",
    "cal poly": "Cal Poly",
    "cal poly mustangs": "Cal Poly",
    "cal poly slo": "Cal Poly",
    "cal st fullerton titans": "Cal St. Fullerton",
    "cal st northridge matadors": "Cal St. Northridge",
    "cal st. bakersfield": "Cal St. Bakersfield",
    "cal st. fullerton": "Cal St. Fullerton",
    "cal st. northridge": "Cal St. Northridge",
    "cal state bakersfield roadrunners": "Cal St. Bakersfield",
    "cal state fullerton": "Cal St. Fullerton",
    "cal state fullerton titans": "Cal St. Fullerton",
    "cal state northridge": "Cal St. Northridge",
    "cal state northridge matadors": "Cal St. Northridge",
    "california": "California",
    "california baptist": "Cal Baptist",
    "california baptist lancers": "Cal Baptist",
    "california golden bears": "California",
    "campbell": "Campbell",
    "campbell fighting camels": "Campbell",
    "canisius": "Canisius",
    "canisius golden griffins": "Canisius",
    "cardinals": "Louisville",
    "cards": "Louisville",
    "carolina": "North Carolina",
    "cavaliers": "Virginia",
    "cbu": "Cal Baptist",
    "ccu": "Coastal Carolina",
    "central arkansas": "Central Arkansas",
    "central connecticut": "Central Connecticut",
    "central connecticut blue devils": "Central Connecticut",
    "central connecticut st blue devils": "Central Connecticut",
    "central florida": "UCF",
    "central michigan": "Central Michigan",
    "central michigan chippewas": "Central Michigan",
    "chanticleers": "Coastal Carolina",
    "charleston": "Charleston",
    "charleston so.": "Charleston Southern",
    "charleston southern": "Charleston Southern",
    "charleston southern buccaneers": "Charleston Southern",
    "charlotte": "Charlotte",
    "charlotte 49ers": "Charlotte",
    "chattanooga": "Chattanooga",
    "chattanooga mocs": "Chattanooga",
    "chicago st cougars": "Chicago St.",
    "chicago st.": "Chicago St.",
    "chicago state cougars": "Chicago St.",
    "chippewas": "Central Michigan",
    "cincinnati": "Cincinnati",
    "cincinnati bearcats": "Cincinnati",
    "cincy": "Cincinnati",
    "clemson": "Clemson",
    "clemson tigers": "Clemson",
    "cleveland st vikings": "Cleveland St.",
    "cleveland st.": "Cleveland St.",
    "cleveland state": "Cleveland St.",
    "cleveland state vikings": "Cleveland St.",
    "cmu": "Central Michigan",
    "coastal carolina": "Coastal Carolina",
    "coastal carolina chanticleers": "Coastal Carolina",
    "colgate": "Colgate",
    "colgate raiders": "Colgate",
    "colonials": "George Washington",
    "colorado": "Colorado",
    "colorado buffaloes": "Colorado",
    "colorado st rams": "Colorado St.",
    "colorado st.": "Colorado St.",
    "colorado state": "Colorado St.",
    "colorado state rams": "Colorado St.",
    "columbia": "Columbia",
    "columbia lions": "Columbia",
    "commodores": "Vanderbilt",
    "connecticut": "Connecticut",
    "connecticut huskies": "Connecticut",
    "coppin st eagles": "Coppin St.",
    "coppin st.": "Coppin St.",
    "coppin st. eagles": "Coppin St.",
    "coppin state": "Coppin St.",
    "coppin state eagles": "Coppin St.",
    "cornell": "Cornell",
    "cornell big red": "Cornell",
    "cornhuskers": "Nebraska",
    "corpus christi": "Texas A&M Corpus Christi",
    "cougars": "Houston",
    "cowboys": "Oklahoma St.",
    "creighton": "Creighton",
    "creighton bluejays": "Creighton",
    "crimson": "Harvard",
    "crimson tide": "Alabama",
    "crusaders": "Holy Cross",
    "csu": "Colorado St.",
    "csu bakersfield roadrunners": "Cal St. Bakersfield",
    "csu buccaneers": "Charleston Southern",
    "csu fullerton titans": "Cal St. Fullerton",
    "csu northridge matadors": "Cal St. Northridge",
    "csuf": "Cal St. Fullerton",
    "csun": "Cal St. Northridge",
    "cu": "Colorado",
    "cuse": "Syracuse",
    "cyclones": "Iowa St.",
    "dartmouth": "Dartmouth",
    "dartmouth big green": "Dartmouth",
    "davidson": "Davidson",
    "davidson wildcats": "Davidson",
    "dawgs": "Georgia",
    "dayton": "Dayton",
    "dayton flyers": "Dayton",
    "delaware": "Delaware",
    "delaware blue hens": "Delaware",
    "delaware st hornets": "Delaware St.",
    "delaware st.": "Delaware St.",
    "delaware state": "Delaware St.",
    "delaware state hornets": "Delaware St.",
    "demon deacons": "Wake Forest",
    "denver": "Denver",
    "denver pioneers": "Denver",
    "depaul": "DePaul",
    "depaul blue demons": "DePaul",
    "detroit": "Detroit Mercy",
    "detroit mercy": "Detroit Mercy",
    "detroit mercy titans": "Detroit Mercy",
    "dons": "San Francisco",
    "drake": "Drake",
    "drake bulldogs": "Drake",
    "drexel": "Drexel",
    "drexel dragons": "Drexel",
    "ducks": "Oregon",
    "duke": "Duke",
    "duke blue devils": "Duke",
    "dukes": "Duquesne",
    "duquesne": "Duquesne",
    "duquesne dukes": "Duquesne",
    "eagles": "Florida Gulf Coast",
    "east carolina": "East Carolina",
    "east carolina pirates": "East Carolina",
    "east tennessee st buccaneers": "East Tennessee St.",
    "east tennessee st.": "East Tennessee St.",
    "east tennessee state buccaneers": "East Tennessee St.",
    "east texas a&m": "East Texas A&M",
    "eastern illinois": "Eastern Illinois",
    "eastern illinois panthers": "Eastern Illinois",
    "eastern kentucky": "Eastern Kentucky",
    "eastern kentucky colonels": "Eastern Kentucky",
    "eastern michigan": "Eastern Michigan",
    "eastern michigan eagles": "Eastern Michigan",
    "eastern washington": "Eastern Washington",
    "eastern washington eagles": "Eastern Washington",
    "ecu": "East Carolina",
    "elon": "Elon",
    "elon phoenix": "Elon",
    "emu": "Eastern Michigan",
    "evansville": "Evansville",
    "evansville purple aces": "Evansville",
    "explorers": "La Salle",
    "fairfield": "Fairfield",
    "fairfield stags": "Fairfield",
    "fairleigh dickinson": "Fairleigh Dickinson",
    "fairleigh dickinson knights": "Fairleigh Dickinson",
    "falcons": "Air Force",
    "famu": "Florida A&M",
    "fau": "Florida Atlantic",
    "fau owls": "Florida Atlantic",
    "fgcu": "Florida Gulf Coast",
    "fighting camels": "Campbell",
    "fighting illini": "Illinois",
    "fighting irish": "Notre Dame",
    "fiu": "FIU",
    "fiu panthers": "FIU",
    "fla a&m": "Florida A&M",
    "fla am": "Florida A&M",
    "fla atlantic": "Florida Atlantic",
    "fla international": "FIU",
    "flames": "Liberty",
    "florida": "Florida",
    "florida a&m": "Florida A&M",
    "florida a&m rattlers": "Florida A&M",
    "florida am": "Florida A&M",
    "florida atlantic": "Florida Atlantic",
    "florida atlantic owls": "Florida Atlantic",
    "florida gators": "Florida",
    "florida gulf coast": "Florida Gulf Coast",
    "florida gulf coast eagles": "Florida Gulf Coast",
    "florida int'l golden panthers": "FIU",
    "florida international": "FIU",
    "florida international panthers": "FIU",
    "florida intl": "FIU",
    "florida intl panthers": "FIU",
    "florida st seminoles": "Florida St.",
    "florida st.": "Florida St.",
    "florida state": "Florida St.",
    "florida state seminoles": "Florida St.",
    "flyers": "Dayton",
    "fordham": "Fordham",
    "fordham rams": "Fordham",
    "fort wayne": "Purdue Fort Wayne",
    "fort wayne mastodons": "Purdue Fort Wayne",
    "fresno st bulldogs": "Fresno St.",
    "fresno st.": "Fresno St.",
    "fresno state": "Fresno St.",
    "fresno state bulldogs": "Fresno St.",
    "friars": "Providence",
    "fsu": "Florida St.",
    "fullerton": "Cal St. Fullerton",
    "furman": "Furman",
    "furman paladins": "Furman",
    "ga southern": "Georgia Southern",
    "gamecocks": "South Carolina",
    "gardner webb": "Gardner Webb",
    "gardner webb runnin' bulldogs": "Gardner Webb",
    "gardner-webb": "Gardner Webb",
    "gardner-webb bulldogs": "Gardner Webb",
    "gardner-webb runnin' bulldogs": "Gardner Webb",
    "gators": "Florida",
    "gauchos": "UC Santa Barbara",
    "george mason": "George Mason",
    "george mason patriots": "George Mason",
    "george washington": "George Washington",
    "george washington colonials": "George Washington",
    "george washington revolutionaries": "George Washington",
    "georgetown": "Georgetown",
    "georgetown hoyas": "Georgetown",
    "georgia": "Georgia",
    "georgia bulldogs": "Georgia",
    "georgia southern": "Georgia Southern",
    "georgia southern eagles": "Georgia Southern",
    "georgia st panthers": "Georgia St.",
    "georgia st.": "Georgia St.",
    "georgia state": "Georgia St.",
    "georgia state panthers": "Georgia St.",
    "georgia tech": "Georgia Tech",
    "georgia tech yellow jackets": "Georgia Tech",
    "gmu": "George Mason",
    "golden bears": "California",
    "golden eagles": "Marquette",
    "golden flashes": "Kent St.",
    "golden gophers": "Minnesota",
    "golden griffins": "Canisius",
    "golden grizzlies": "Oakland",
    "golden hurricane": "Tulsa",
    "gonzaga": "Gonzaga",
    "gonzaga bulldogs": "Gonzaga",
    "gophers": "Minnesota",
    "grambling": "Grambling St.",
    "grambling st tigers": "Grambling St.",
    "grambling st.": "Grambling St.",
    "grambling state": "Grambling St.",
    "grambling state tigers": "Grambling St.",
    "grambling tigers": "Grambling St.",
    "grand canyon": "Grand Canyon",
    "grand canyon lopes": "Grand Canyon",
    "great danes": "Albany",
    "green bay": "Green Bay",
    "green bay phoenix": "Green Bay",
    "green wave": "Tulane",
    "gt": "Georgia Tech",
    "gw": "George Washington",
    "gw revolutionaries": "George Washington",
    "hampton": "Hampton",
    "hampton pirates": "Hampton",
    "hampton university": "Hampton",
    "hartford": "Hartford",
    "harvard": "Harvard",
    "harvard crimson": "Harvard",
    "hatters": "Stetson",
    "hawai'i rainbow warriors": "Hawaii",
    "hawaii": "Hawaii",
    "hawaii rainbow warriors": "Hawaii",
    "hawkeyes": "Iowa",
    "hbu": "Houston Christian",
    "high point": "High Point",
    "high point panthers": "High Point",
    "highlanders": "UC Riverside",
    "hilltoppers": "Western Kentucky",
    "hofstra": "Hofstra",
    "hofstra pride": "Hofstra",
    "hogs": "Arkansas",
    "hokies": "Virginia Tech",
    "holy cross": "Holy Cross",
    "holy cross crusaders": "Holy Cross",
    "hoosiers": "Indiana",
    "horned frogs": "TCU",
    "houston": "Houston",
    "houston baptist": "Houston Christian",
    "houston baptist huskies": "Houston Christian",
    "houston christian": "Houston Christian",
    "houston christian huskies": "Houston Christian",
    "houston cougars": "Houston",
    "howard": "Howard",
    "howard bison": "Howard",
    "hoyas": "Georgetown",
    "huskers": "Nebraska",
    "huskies": "Washington",
    "idaho": "Idaho",
    "idaho st bengals": "Idaho St.",
    "idaho st.": "Idaho St.",
    "idaho state bengals": "Idaho St.",
    "idaho vandals": "Idaho",
    "illini": "Illinois",
    "illinois": "Illinois",
    "illinois chicago": "UIC",
    "illinois fighting illini": "Illinois",
    "illinois st redbirds": "Illinois St.",
    "illinois st.": "Illinois St.",
    "illinois state": "Illinois St.",
    "illinois state redbirds": "Illinois St.",
    "incarnate word": "Incarnate Word",
    "incarnate word cardinals": "Incarnate Word",
    "indiana": "Indiana",
    "indiana hoosiers": "Indiana",
    "indiana purdue indianapolis": "IU Indy",
    "indiana st sycamores": "Indiana St.",
    "indiana st.": "Indiana St.",
    "indiana state": "Indiana St.",
    "indiana state sycamores": "Indiana St.",
    "iona": "Iona",
    "iona gaels": "Iona",
    "iowa": "Iowa",
    "iowa hawkeyes": "Iowa",
    "iowa st cyclones": "Iowa St.",
    "iowa st.": "Iowa St.",
    "iowa state": "Iowa St.",
    "iowa state cyclones": "Iowa St.",
    "ipfw": "Purdue Fort Wayne",
    "islanders": "Texas A&M Corpus Christi",
    "isu": "Iowa St.",
    "iu": "Indiana",
    "iu indianapolis": "IU Indy",
    "iu indianapolis jaguars": "IU Indy",
    "iu indy": "IU Indy",
    "iuindy jaguars": "IU Indy",
    "iupui": "IU Indy",
    "iupui jaguars": "IU Indy",
    "jackson st tigers": "Jackson St.",
    "jackson st.": "Jackson St.",
    "jackson state": "Jackson St.",
    "jackson state tigers": "Jackson St.",
    "jacksonville": "Jacksonville",
    "jacksonville dolphins": "Jacksonville",
    "jacksonville st gamecocks": "Jacksonville St.",
    "jacksonville st.": "Jacksonville St.",
    "jacksonville state": "Jacksonville St.",
    "jacksonville state gamecocks": "Jacksonville St.",
    "james madison": "James Madison",
    "james madison dukes": "James Madison",
    "jaspers": "Manhattan",
    "jayhawks": "Kansas",
    "jmu": "James Madison",
    "ju": "Jacksonville",
    "k-state": "Kansas St.",
    "kansas": "Kansas",
    "kansas city roos": "UMKC",
    "kansas jayhawks": "Kansas",
    "kansas st wildcats": "Kansas St.",
    "kansas st.": "Kansas St.",
    "kansas state": "Kansas St.",
    "kansas state wildcats": "Kansas St.",
    "kennesaw st owls": "Kennesaw St.",
    "kennesaw st.": "Kennesaw St.",
    "kennesaw state owls": "Kennesaw St.",
    "kent st golden flashes": "Kent St.",
    "kent st.": "Kent St.",
    "kent state": "Kent St.",
    "kent state golden flashes": "Kent St.",
    "kentucky": "Kentucky",
    "kentucky wildcats": "Kentucky",
    "knights": "UCF",
    "ksu": "Kansas St.",
    "ku": "Kansas",
    "la salle": "La Salle",
    "la salle explorers": "La Salle",
    "la tech": "Louisiana Tech",
    "lafayette": "Lafayette",
    "lafayette leopards": "Lafayette",
    "lamar": "Lamar",
    "lamar cardinals": "Lamar",
    "lamar university": "Lamar",
    "lancers": "Cal Baptist",
    "latech": "Louisiana Tech",
    "lbsu": "Long Beach St.",
    "le moyne": "Le Moyne",
    "le moyne dolphins": "Le Moyne",
    "lehigh": "Lehigh",
    "lehigh mountain hawks": "Lehigh",
    "leopards": "Lafayette",
    "liberty": "Liberty",
    "liberty flames": "Liberty",
    "lindenwood": "Lindenwood",
    "lipscomb": "Lipscomb",
    "lipscomb bisons": "Lipscomb",
    "little rock": "Little Rock",
    "little rock trojans": "Little Rock",
    "liu": "Long Island",
    "liu brooklyn blackbirds": "LIU",
    "liu sharks": "Long Island",
    "lmu": "Loyola Marymount",
    "lobos": "New Mexico",
    "long beach beach": "Long Beach St.",
    "long beach st 49ers": "Long Beach St.",
    "long beach st beach": "Long Beach St.",
    "long beach st.": "Long Beach St.",
    "long beach st. 49ers": "Long Beach St.",
    "long beach state": "Long Beach St.",
    "long beach state 49ers": "Long Beach St.",
    "long beach state beach": "Long Beach St.",
    "long island": "Long Island",
    "long island sharks": "Long Island",
    "long island university sharks": "LIU",
    "longhorns": "Texas",
    "longwood": "Longwood",
    "longwood lancers": "Longwood",
    "louisiana": "Louisiana",
    "louisiana monroe": "Louisiana Monroe",
    "louisiana monroe warhawks": "Louisiana Monroe",
    "louisiana ragin cajuns": "Louisiana",
    "louisiana ragin' cajuns": "Louisiana",
    "louisiana state": "LSU",
    "louisiana tech": "Louisiana Tech",
    "louisiana tech bulldogs": "Louisiana Tech",
    "louisiana-lafayette": "Louisiana",
    "louisiana-monroe": "Louisiana Monroe",
    "louisville": "Louisville",
    "louisville cardinals": "Louisville",
    "loyola (chi) ramblers": "Loyola Chicago",
    "loyola (md) greyhounds": "Loyola MD",
    "loyola chicago": "Loyola Chicago",
    "loyola chicago ramblers": "Loyola Chicago",
    "loyola maryland greyhounds": "Loyola MD",
    "loyola marymount": "Loyola Marymount",
    "loyola marymount lions": "Loyola Marymount",
    "loyola md": "Loyola MD",
    "loyola-chicago": "Loyola Chicago",
    "lsu": "LSU",
    "lsu tigers": "LSU",
    "lumberjacks": "Stephen F. Austin",
    "maine": "Maine",
    "maine black bears": "Maine",
    "manhattan": "Manhattan",
    "manhattan jaspers": "Manhattan",
    "marist": "Marist",
    "marist red foxes": "Marist",
    "marquette": "Marquette",
    "marquette golden eagles": "Marquette",
    "marshall": "Marshall",
    "marshall thundering herd": "Marshall",
    "maryland": "Maryland",
    "maryland eastern shore": "Maryland Eastern Shore",
    "maryland eastern shore hawks": "Maryland Eastern Shore",
    "maryland terrapins": "Maryland",
    "maryland-eastern shore hawks": "Maryland Eastern Shore",
    "massachusetts": "UMass",
    "massachusetts minutemen": "Massachusetts",
    "matadors": "Cal St. Northridge",
    "mcneese": "McNeese St.",
    "mcneese cowboys": "McNeese St.",
    "mcneese st cowboys": "McNeese St.",
    "mcneese st mcneese": "McNeese St.",
    "mcneese st.": "McNeese St.",
    "mcneese state": "McNeese St.",
    "mcneese state cowboys": "McNeese St.",
    "md eastern shore": "Maryland Eastern Shore",
    "mean green": "North Texas",
    "memphis": "Memphis",
    "memphis tigers": "Memphis",
    "mercer": "Mercer",
    "mercyhurst": "Mercyhurst",
    "mercyhurst lakers": "Mercyhurst",
    "merrimack": "Merrimack",
    "merrimack warriors": "Merrimack",
    "miami": "Miami FL",
    "miami (fl)": "Miami FL",
    "miami (oh)": "Miami OH",
    "miami (oh) redhawks": "Miami OH",
    "miami fl": "Miami FL",
    "miami hurricanes": "Miami FL",
    "miami oh": "Miami OH",
    "miami oh redhawks": "Miami OH",
    "miami ohio": "Miami OH",
    "miami redhawks": "Miami OH",
    "michigan": "Michigan",
    "michigan st spartans": "Michigan St.",
    "michigan st.": "Michigan St.",
    "michigan state": "Michigan St.",
    "michigan state spartans": "Michigan St.",
    "michigan wolverines": "Michigan",
    "middle tennessee": "Middle Tennessee",
    "middle tennessee blue raiders": "Middle Tennessee",
    "midshipmen": "Navy",
    "milwaukee": "Milwaukee",
    "milwaukee panthers": "Milwaukee",
    "miners": "UTEP",
    "minnesota": "Minnesota",
    "minnesota golden gophers": "Minnesota",
    "minutemen": "UMass",
    "miss state": "Mississippi St.",
    "miss valley st.": "Mississippi Valley St.",
    "miss valley st. delta devils": "Mississippi Valley St.",
    "mississippi": "Ole Miss",
    "mississippi st bulldogs": "Mississippi St.",
    "mississippi st.": "Mississippi St.",
    "mississippi state": "Mississippi St.",
    "mississippi state bulldogs": "Mississippi St.",
    "mississippi val st delta devils": "Mississippi Valley St.",
    "mississippi valley st.": "Mississippi Valley St.",
    "mississippi valley state": "Mississippi Valley St.",
    "mississippi valley state delta devils": "Mississippi Valley St.",
    "missouri": "Missouri",
    "missouri st bears": "Missouri St.",
    "missouri st.": "Missouri St.",
    "missouri state": "Missouri St.",
    "missouri state bears": "Missouri St.",
    "missouri tigers": "Missouri",
    "mizzou": "Missouri",
    "monarchs": "Old Dominion",
    "monmouth": "Monmouth",
    "montana": "Montana",
    "montana grizzlies": "Montana",
    "montana st bobcats": "Montana St.",
    "montana st.": "Montana St.",
    "montana state bobcats": "Montana St.",
    "morehead st eagles": "Morehead St.",
    "morehead st.": "Morehead St.",
    "morehead state eagles": "Morehead St.",
    "morgan st bears": "Morgan St.",
    "morgan st.": "Morgan St.",
    "morgan state": "Morgan St.",
    "morgan state bears": "Morgan St.",
    "mount st mary's mountaineers": "Mount St. Mary's",
    "mount st. mary's": "Mount St. Mary's",
    "mountain hawks": "Lehigh",
    "mountaineers": "West Virginia",
    "msu": "Michigan St.",
    "msu bulldogs": "Mississippi St.",
    "mt st mary's mountaineers": "Mount St. Mary's",
    "mt. st. mary's mountaineers": "Mount St. Mary's",
    "mtsu": "Middle Tennessee",
    "murray st racers": "Murray St.",
    "murray st.": "Murray St.",
    "murray state": "Murray St.",
    "murray state racers": "Murray St.",
    "musketeers": "Xavier",
    "mustangs": "SMU",
    "mvsu": "Mississippi Valley St.",
    "n colorado bears": "Northern Colorado",
    "n.c. st.": "NC State",
    "n.c. state": "NC State",
    "navy": "Navy",
    "navy midshipmen": "Navy",
    "nc": "North Carolina",
    "nc a&t": "NC A&T",
    "nc a&t aggies": "NC A&T",
    "nc central": "NC Central",
    "nc central eagles": "NC Central",
    "nc st wolfpack": "NC State",
    "nc state": "NC State",
    "nc state wolfpack": "NC State",
    "ncat": "NC A&T",
    "nccu": "NC Central",
    "nd": "Notre Dame",
    "nebraska": "Nebraska",
    "nebraska cornhuskers": "Nebraska",
    "nebraska omaha": "Nebraska Omaha",
    "nevada": "Nevada",
    "nevada las vegas": "UNLV",
    "nevada wolf pack": "Nevada",
    "new hampshire": "New Hampshire",
    "new haven": "New Haven",
    "new haven chargers": "New Haven",
    "new mexico": "New Mexico",
    "new mexico lobos": "New Mexico",
    "new mexico st aggies": "New Mexico St.",
    "new mexico st.": "New Mexico St.",
    "new mexico state": "New Mexico St.",
    "new mexico state aggies": "New Mexico St.",
    "new orleans": "New Orleans",
    "new orleans privateers": "New Orleans",
    "niagara": "Niagara",
    "niagara purple eagles": "Niagara",
    "nicholls": "Nicholls St.",
    "nicholls colonels": "Nicholls St.",
    "nicholls st colonels": "Nicholls St.",
    "nicholls st.": "Nicholls St.",
    "nicholls state": "Nicholls St.",
    "nicholls state colonels": "Nicholls St.",
    "nittany lions": "Penn St.",
    "niu": "Northern Illinois",
    "njit": "NJIT",
    "nku": "Northern Kentucky",
    "nmsu": "New Mexico St.",
    "norfolk st spartans": "Norfolk St.",
    "norfolk st.": "Norfolk St.",
    "norfolk state": "Norfolk St.",
    "norfolk state spartans": "Norfolk St.",
    "norse": "Northern Kentucky",
    "north alabama": "North Alabama",
    "north carolina": "North Carolina",
    "north carolina a&t": "NC A&T",
    "north carolina central": "NC Central",
    "north carolina state": "NC State",
    "north carolina tar heels": "North Carolina",
    "north dakota": "North Dakota",
    "north dakota fighting hawks": "North Dakota",
    "north dakota st bison": "North Dakota St.",
    "north dakota st.": "North Dakota St.",
    "north dakota state bison": "North Dakota St.",
    "north florida": "North Florida",
    "north florida ospreys": "North Florida",
    "north texas": "North Texas",
    "north texas mean green": "North Texas",
    "northeastern": "Northeastern",
    "northern arizona": "Northern Arizona",
    "northern colorado": "Northern Colorado",
    "northern colorado bears": "Northern Colorado",
    "northern illinois": "Northern Illinois",
    "northern illinois huskies": "Northern Illinois",
    "northern iowa": "Northern Iowa",
    "northern iowa panthers": "Northern Iowa",
    "northern kentucky": "Northern Kentucky",
    "northern kentucky norse": "Northern Kentucky",
    "northridge": "Cal St. Northridge",
    "northwestern": "Northwestern",
    "northwestern st demons": "Northwestern St.",
    "northwestern st.": "Northwestern St.",
    "northwestern state": "Northwestern St.",
    "northwestern state demons": "Northwestern St.",
    "northwestern wildcats": "Northwestern",
    "notre dame": "Notre Dame",
    "notre dame fighting irish": "Notre Dame",
    "nova": "Villanova",
    "nsu demons": "Northwestern St.",
    "oakland": "Oakland",
    "oakland golden grizzlies": "Oakland",
    "odu": "Old Dominion",
    "ohio": "Ohio",
    "ohio bobcats": "Ohio",
    "ohio st buckeyes": "Ohio St.",
    "ohio st.": "Ohio St.",
    "ohio state": "Ohio St.",
    "ohio state buckeyes": "Ohio St.",
    "ohio u": "Ohio",
    "oklahoma": "Oklahoma",
    "oklahoma sooners": "Oklahoma",
    "oklahoma st cowboys": "Oklahoma St.",
    "oklahoma st.": "Oklahoma St.",
    "oklahoma state": "Oklahoma St.",
    "oklahoma state cowboys": "Oklahoma St.",
    "old dominion": "Old Dominion",
    "old dominion monarchs": "Old Dominion",
    "ole miss": "Ole Miss",
    "ole miss rebels": "Ole Miss",
    "omaha mavericks": "Nebraska Omaha",
    "oral roberts": "Oral Roberts",
    "oral roberts golden eagles": "Oral Roberts",
    "orange": "Syracuse",
    "ore st": "Oregon St.",
    "ore state": "Oregon St.",
    "oregon": "Oregon",
    "oregon ducks": "Oregon",
    "oregon st beavers": "Oregon St.",
    "oregon st.": "Oregon St.",
    "oregon state": "Oregon St.",
    "oregon state beavers": "Oregon St.",
    "ospreys": "North Florida",
    "osu": "Ohio St.",
    "osu beavers": "Oregon St.",
    "osu cowboys": "Oklahoma St.",
    "ou": "Oklahoma",
    "owls": "Temple",
    "pacific": "Pacific",
    "pacific tigers": "Pacific",
    "panthers": "Prairie View A&M",
    "patriots": "George Mason",
    "penguins": "Youngstown St.",
    "penn": "Penn",
    "penn quakers": "Penn",
    "penn st nittany lions": "Penn St.",
    "penn st.": "Penn St.",
    "penn state": "Penn St.",
    "penn state nittany lions": "Penn St.",
    "pennsylvania": "Penn",
    "pennsylvania quakers": "Penn",
    "pepperdine": "Pepperdine",
    "pepperdine waves": "Pepperdine",
    "pfw": "Purdue Fort Wayne",
    "phoenix": "Elon",
    "pilots": "Portland",
    "pirates": "Seton Hall",
    "pitt": "Pittsburgh",
    "pitt panthers": "Pittsburgh",
    "pittsburgh": "Pittsburgh",
    "pittsburgh panthers": "Pittsburgh",
    "portland": "Portland",
    "portland pilots": "Portland",
    "portland st vikings": "Portland St.",
    "portland st.": "Portland St.",
    "portland state vikings": "Portland St.",
    "prairie view": "Prairie View A&M",
    "prairie view a&m": "Prairie View A&M",
    "prairie view a&m panthers": "Prairie View A&M",
    "prairie view panthers": "Prairie View A&M",
    "presbyterian": "Presbyterian",
    "presbyterian blue hose": "Presbyterian",
    "pride": "Hofstra",
    "princeton": "Princeton",
    "princeton tigers": "Princeton",
    "privateers": "New Orleans",
    "providence": "Providence",
    "providence friars": "Providence",
    "psu": "Penn St.",
    "purdue": "Purdue",
    "purdue boilermakers": "Purdue",
    "purdue fort wayne": "Purdue Fort Wayne",
    "purdue fort wayne mastodons": "Purdue Fort Wayne",
    "purple aces": "Evansville",
    "purple eagles": "Niagara",
    "pvamu": "Prairie View A&M",
    "quakers": "Penn",
    "queens": "Queens",
    "queens university royals": "Queens",
    "quinnipiac": "Quinnipiac",
    "racers": "Murray St.",
    "radford": "Radford",
    "ragin cajuns": "Louisiana",
    "raiders": "Colgate",
    "ramblers": "Loyola Chicago",
    "rams": "VCU",
    "rattlers": "Florida A&M",
    "razorbacks": "Arkansas",
    "rebels": "Ole Miss",
    "red foxes": "Marist",
    "red raiders": "Texas Tech",
    "red storm": "St. Johns",
    "red wolves": "Arkansas St.",
    "redbirds": "Illinois St.",
    "redhawks": "Miami OH",
    "rhode island": "Rhode Island",
    "rhode island rams": "Rhode Island",
    "rice": "Rice",
    "rice owls": "Rice",
    "richmond": "Richmond",
    "richmond spiders": "Richmond",
    "rider": "Rider",
    "rider broncs": "Rider",
    "rio grande valley": "UT Rio Grande Valley",
    "rmu": "Robert Morris",
    "robert morris": "Robert Morris",
    "robert morris colonials": "Robert Morris",
    "rockets": "Toledo",
    "rutgers": "Rutgers",
    "rutgers scarlet knights": "Rutgers",
    "sac state": "Sacramento St.",
    "sacramento st hornets": "Sacramento St.",
    "sacramento st.": "Sacramento St.",
    "sacramento state": "Sacramento St.",
    "sacramento state hornets": "Sacramento St.",
    "sacred heart": "Sacred Heart",
    "sacred heart pioneers": "Sacred Heart",
    "saint bonaventure": "St. Bonaventure",
    "saint francis": "St. Francis PA",
    "saint francis (pa) red flash": "St. Francis PA",
    "saint francis pa": "St. Francis PA",
    "saint francis red flash": "St. Francis PA",
    "saint john's red storm": "St. John's",
    "saint joseph's": "Saint Joseph's",
    "saint louis": "Saint Louis",
    "saint louis billikens": "Saint Louis",
    "saint mary's": "Saint Mary's",
    "saint peter's": "Saint Peter's",
    "saints": "Siena",
    "salukis": "Southern Illinois",
    "sam houston": "Sam Houston St.",
    "sam houston bearkats": "Sam Houston St.",
    "sam houston st bearkats": "Sam Houston St.",
    "sam houston st.": "Sam Houston St.",
    "sam houston state": "Sam Houston St.",
    "samford": "Samford",
    "san diego": "San Diego",
    "san diego st aztecs": "San Diego St.",
    "san diego st.": "San Diego St.",
    "san diego state": "San Diego St.",
    "san diego state aztecs": "San Diego St.",
    "san diego toreros": "San Diego",
    "san francisco": "San Francisco",
    "san francisco dons": "San Francisco",
    "san jose st spartans": "San Jose St.",
    "san jose st.": "San Jose St.",
    "san jose state": "San Jose St.",
    "san jose state spartans": "San Jose St.",
    "santa clara": "Santa Clara",
    "santa clara broncos": "Santa Clara",
    "savannah st.": "Savannah St.",
    "sc state": "SC State",
    "sc state bulldogs": "SC State",
    "scarlet knights": "Rutgers",
    "sdsu": "San Diego St.",
    "se louisiana": "Southeastern Louisiana",
    "se louisiana lions": "Southeastern Louisiana",
    "se missouri st redhawks": "Southeast Missouri St.",
    "seattle": "Seattle",
    "seattle redhawks": "Seattle",
    "seattle u redhawks": "Seattle",
    "seawolves": "Stony Brook",
    "sela": "Southeastern Louisiana",
    "seminoles": "Florida St.",
    "seton hall": "Seton Hall",
    "seton hall pirates": "Seton Hall",
    "sfa": "Stephen F. Austin",
    "sfa lumberjacks": "Stephen F. Austin",
    "sfc brooklyn": "St. Francis NY",
    "shockers": "Wichita St.",
    "shsu": "Sam Houston St.",
    "siena": "Siena",
    "siena saints": "Siena",
    "siu": "Southern Illinois",
    "siu edwardsville": "SIU Edwardsville",
    "siu edwardsville cougars": "SIU Edwardsville",
    "siu-edwardsville cougars": "SIU Edwardsville",
    "sjsu": "San Jose St.",
    "smu": "SMU",
    "smu mustangs": "SMU",
    "sooners": "Oklahoma",
    "south alabama": "South Alabama",
    "south alabama jaguars": "South Alabama",
    "south carolina": "South Carolina",
    "south carolina gamecocks": "South Carolina",
    "south carolina st bulldogs": "South Carolina St.",
    "south carolina st.": "South Carolina St.",
    "south carolina state": "SC State",
    "south carolina state bulldogs": "South Carolina St.",
    "south carolina upstate spartans": "USC Upstate",
    "south dakota": "South Dakota",
    "south dakota coyotes": "South Dakota",
    "south dakota st jackrabbits": "South Dakota St.",
    "south dakota st.": "South Dakota St.",
    "south dakota state jackrabbits": "South Dakota St.",
    "south florida": "South Florida",
    "south florida bulls": "South Florida",
    "southeast missouri st redhawks": "Southeast Missouri St.",
    "southeast missouri st.": "Southeast Missouri St.",
    "southeast missouri state redhawks": "Southeast Missouri St.",
    "southeastern la": "Southeastern Louisiana",
    "southeastern louisiana": "Southeastern Louisiana",
    "southeastern louisiana lions": "Southeastern Louisiana",
    "southern": "Southern",
    "southern cal": "USC",
    "southern california": "USC",
    "southern illinois": "Southern Illinois",
    "southern illinois salukis": "Southern Illinois",
    "southern indiana": "Southern Indiana",
    "southern indiana screaming eagles": "Southern Indiana",
    "southern jaguars": "Southern",
    "southern methodist": "SMU",
    "southern miss": "Southern Miss",
    "southern miss golden eagles": "Southern Miss",
    "southern mississippi": "Southern Miss",
    "southern u": "Southern",
    "southern u jaguars": "Southern",
    "southern university": "Southern",
    "southern utah": "Southern Utah",
    "southern utah thunderbirds": "Southern Utah",
    "spartans": "Michigan St.",
    "spiders": "Richmond",
    "st peters": "Saint Peter's",
    "st bonaventure bonnies": "St. Bonaventure",
    "st francis (pa) red flash": "St. Francis PA",
    "st francis bkn terriers": "St. Francis NY",
    "st john's red storm": "St. John's",
    "st thomas (mn) tommies": "St. Thomas MN",
    "st thomas minnesota tommies": "St. Thomas MN",
    "st. bonaventure": "St. Bonaventure",
    "st. bonaventure bonnies": "St. Bonaventure",
    "st. francis (ny)": "St. Francis NY",
    "st. francis (pa)": "St. Francis PA",
    "st. francis (pa) red flash": "St. Francis PA",
    "st. francis bkn terriers": "St. Francis NY",
    "st. francis brooklyn": "St. Francis NY",
    "st. francis ny": "St. Francis NY",
    "st. francis pa": "St. Francis PA",
    "st. francis red flash": "St. Francis PA",
    "st. john's": "St. John's",
    "st. john's red storm": "St. John's",
    "st. johns": "St. Johns",
    "st. louis": "Saint Louis",
    "st. thomas": "St. Thomas MN",
    "st. thomas (mn) tommies": "St. Thomas MN",
    "st. thomas-minnesota tommies": "St. Thomas MN",
    "stags": "Fairfield",
    "stanford": "Stanford",
    "stanford cardinal": "Stanford",
    "stephen f austin": "Stephen F. Austin",
    "stephen f. austin": "Stephen F. Austin",
    "stetson": "Stetson",
    "stetson hatters": "Stetson",
    "stonehill": "Stonehill",
    "stonehill skyhawks": "Stonehill",
    "stony brook": "Stony Brook",
    "stony brook seawolves": "Stony Brook",
    "sun devils": "Arizona St.",
    "suny albany": "Albany",
    "sycamores": "Indiana St.",
    "syracuse": "Syracuse",
    "syracuse orange": "Syracuse",
    "tamu": "Texas A&M",
    "tamu-cc": "Texas A&M Corpus Christi",
    "tamu-commerce": "Texas A&M Commerce",
    "tar heels": "North Carolina",
    "tarleton": "Tarleton St.",
    "tarleton st.": "Tarleton St.",
    "tarleton st. texans": "Tarleton St.",
    "tarleton state": "Tarleton St.",
    "tarleton state texans": "Tarleton St.",
    "tcu": "TCU",
    "tcu horned frogs": "TCU",
    "temple": "Temple",
    "temple owls": "Temple",
    "tenn-martin skyhawks": "UT Martin",
    "tennessee": "Tennessee",
    "tennessee martin": "UT Martin",
    "tennessee st tigers": "Tennessee St.",
    "tennessee st.": "Tennessee St.",
    "tennessee state tigers": "Tennessee St.",
    "tennessee tech": "Tennessee Tech",
    "tennessee tech golden eagles": "Tennessee Tech",
    "tennessee volunteers": "Tennessee",
    "terps": "Maryland",
    "terrapins": "Maryland",
    "terriers": "Boston University",
    "texans": "Tarleton St.",
    "texas": "Texas",
    "texas a&m": "Texas A&M",
    "texas a&m aggies": "Texas A&M",
    "texas a&m cc": "Texas A&M Corpus Christi",
    "texas a&m commerce": "Texas A&M Commerce",
    "texas a&m corpus chris": "Texas A&M Corpus Christi",
    "texas a&m corpus christi": "Texas A&M Corpus Christi",
    "texas a&m corpus christi islanders": "Texas A&M Corpus Christi",
    "texas a&m-cc islanders": "Texas A&M Corpus Christi",
    "texas a&m-commerce lions": "Texas A&M Commerce",
    "texas a&m-corpus christi islanders": "Texas A&M Corpus Christi",
    "texas am": "Texas A&M",
    "texas arlington": "UT Arlington",
    "texas arlington mavericks": "UT Arlington",
    "texas christian": "TCU",
    "texas el paso": "UTEP",
    "texas longhorns": "Texas",
    "texas rio grande valley": "UT Rio Grande Valley",
    "texas southern": "Texas Southern",
    "texas southern tigers": "Texas Southern",
    "texas st bobcats": "Texas St.",
    "texas st.": "Texas St.",
    "texas state": "Texas St.",
    "texas state bobcats": "Texas St.",
    "texas tech": "Texas Tech",
    "texas tech red raiders": "Texas Tech",
    "the citadel": "The Citadel",
    "thundering herd": "Marshall",
    "tigers": "Auburn",
    "titans": "Detroit Mercy",
    "toledo": "Toledo",
    "toledo rockets": "Toledo",
    "toreros": "San Diego",
    "towson": "Towson",
    "tritons": "UC San Diego",
    "trojans": "USC",
    "troy": "Troy",
    "troy trojans": "Troy",
    "tsu": "Texas Southern",
    "tsu tigers": "Texas Southern",
    "ttu": "Texas Tech",
    "tulane": "Tulane",
    "tulane green wave": "Tulane",
    "tulsa": "Tulsa",
    "tulsa golden hurricane": "Tulsa",
    "u of a": "Arizona",
    "u of m": "Michigan",
    "u of miami": "Miami FL",
    "ua": "Arizona",
    "uab": "UAB",
    "uab blazers": "UAB",
    "ualbany": "Albany",
    "ualbany great danes": "Albany",
    "uapb": "Arkansas Pine Bluff",
    "ub": "Buffalo",
    "uc davis": "UC Davis",
    "uc davis aggies": "UC Davis",
    "uc irvine": "UC Irvine",
    "uc irvine anteaters": "UC Irvine",
    "uc riverside": "UC Riverside",
    "uc riverside highlanders": "UC Riverside",
    "uc san diego": "UC San Diego",
    "uc san diego tritons": "UC San Diego",
    "uc santa barbara": "UC Santa Barbara",
    "uc santa barbara gauchos": "UC Santa Barbara",
    "ucd": "UC Davis",
    "ucf": "UCF",
    "ucf knights": "UCF",
    "uci": "UC Irvine",
    "ucla": "UCLA",
    "ucla bruins": "UCLA",
    "uconn": "Connecticut",
    "uconn huskies": "Connecticut",
    "ucr": "UC Riverside",
    "ucsb": "UC Santa Barbara",
    "ucsd": "UC San Diego",
    "udub": "Washington",
    "uf": "Florida",
    "uga": "Georgia",
    "uh": "Houston",
    "uic": "UIC",
    "uic flames": "UIC",
    "uiw": "Incarnate Word",
    "uk": "Kentucky",
    "ul lafayette": "Louisiana",
    "ul monroe": "Louisiana Monroe",
    "ul monroe warhawks": "Louisiana Monroe",
    "ull": "Louisiana",
    "ulm": "Louisiana Monroe",
    "ulm warhawks": "Louisiana Monroe",
    "umass": "UMass",
    "umass lowell": "UMass Lowell",
    "umass lowell river hawks": "UMass Lowell",
    "umass minutemen": "UMass",
    "umbc": "UMBC",
    "umbc retrievers": "UMBC",
    "umes": "Maryland Eastern Shore",
    "umkc": "UMKC",
    "unc": "North Carolina",
    "unc asheville": "UNC Asheville",
    "unc asheville bulldogs": "UNC Asheville",
    "unc charlotte": "Charlotte",
    "unc greensboro": "UNC Greensboro",
    "unc greensboro spartans": "UNC Greensboro",
    "unc tar heels": "North Carolina",
    "unc wilmington": "UNC Wilmington",
    "unc wilmington seahawks": "UNC Wilmington",
    "unc-asheville": "UNC Asheville",
    "unc-greensboro": "UNC Greensboro",
    "unc-wilmington": "UNC Wilmington",
    "unca": "UNC Asheville",
    "uncc": "Charlotte",
    "uncg": "UNC Greensboro",
    "uncw": "UNC Wilmington",
    "unf": "North Florida",
    "uni": "Northern Iowa",
    "unlv": "UNLV",
    "unlv rebels": "UNLV",
    "unm": "New Mexico",
    "uno": "New Orleans",
    "unt": "North Texas",
    "uo": "Oregon",
    "uop": "Pacific",
    "uri": "Rhode Island",
    "usa": "South Alabama",
    "usc": "USC",
    "usc gamecocks": "South Carolina",
    "usc trojans": "USC",
    "usc upstate": "USC Upstate",
    "usc upstate spartans": "USC Upstate",
    "usd": "San Diego",
    "usf": "San Francisco",
    "usf dons": "San Francisco",
    "usm": "Southern Miss",
    "ut": "Tennessee",
    "ut arlington": "UT Arlington",
    "ut arlington mavericks": "UT Arlington",
    "ut martin skyhawks": "UT Martin",
    "ut rio grande valley": "UT Rio Grande Valley",
    "ut rio grande valley vaqueros": "UT Rio Grande Valley",
    "ut san antonio": "UTSA",
    "ut-arlington mavericks": "UT Arlington",
    "uta": "UT Arlington",
    "utah": "Utah",
    "utah st aggies": "Utah St.",
    "utah st.": "Utah St.",
    "utah state": "Utah St.",
    "utah state aggies": "Utah St.",
    "utah tech": "Utah Tech",
    "utah tech trailblazers": "Utah Tech",
    "utah utes": "Utah",
    "utah valley": "Utah Valley",
    "utep": "UTEP",
    "utep miners": "UTEP",
    "utes": "Utah",
    "utrgv": "UT Rio Grande Valley",
    "utsa": "UTSA",
    "utsa roadrunners": "UTSA",
    "uva": "Virginia",
    "uw": "Washington",
    "uw green bay": "Green Bay",
    "uw milwaukee": "Milwaukee",
    "va tech": "Virginia Tech",
    "valparaiso": "Valparaiso",
    "valparaiso beacons": "Valparaiso",
    "valparaiso crusaders": "Valparaiso",
    "valpo": "Valparaiso",
    "vanderbilt": "Vanderbilt",
    "vanderbilt commodores": "Vanderbilt",
    "vandy": "Vanderbilt",
    "vcu": "VCU",
    "vcu rams": "VCU",
    "vermont": "Vermont",
    "vermont catamounts": "Vermont",
    "vikings": "Cleveland St.",
    "villanova": "Villanova",
    "villanova wildcats": "Villanova",
    "virginia": "Virginia",
    "virginia cavaliers": "Virginia",
    "virginia commonwealth": "VCU",
    "virginia tech": "Virginia Tech",
    "virginia tech hokies": "Virginia Tech",
    "vmi": "VMI",
    "vmi keydets": "VMI",
    "vols": "Tennessee",
    "volunteers": "Tennessee",
    "vt": "Virginia Tech",
    "wagner": "Wagner",
    "wagner seahawks": "Wagner",
    "wake forest": "Wake Forest",
    "wake forest demon deacons": "Wake Forest",
    "warhawks": "Louisiana Monroe",
    "washington": "Washington",
    "washington huskies": "Washington",
    "washington st cougars": "Washington St.",
    "washington st.": "Washington St.",
    "washington state cougars": "Washington St.",
    "waves": "Pepperdine",
    "weber st wildcats": "Weber St.",
    "weber st.": "Weber St.",
    "weber state wildcats": "Weber St.",
    "west georgia": "West Georgia",
    "west georgia wolves": "West Georgia",
    "west virginia": "West Virginia",
    "west virginia mountaineers": "West Virginia",
    "western carolina": "Western Carolina",
    "western carolina catamounts": "Western Carolina",
    "western illinois": "Western Illinois",
    "western kentucky": "Western Kentucky",
    "western kentucky hilltoppers": "Western Kentucky",
    "western michigan": "Western Michigan",
    "western michigan broncos": "Western Michigan",
    "wichita st shockers": "Wichita St.",
    "wichita st.": "Wichita St.",
    "wichita state": "Wichita St.",
    "wichita state shockers": "Wichita St.",
    "wildcats": "Kentucky",
    "william & mary": "William & Mary",
    "william & mary tribe": "William & Mary",
    "wilmington": "UNC Wilmington",
    "winthrop": "Winthrop",
    "winthrop eagles": "Winthrop",
    "wisc green bay": "Green Bay",
    "wisc milwaukee": "Milwaukee",
    "wisconsin": "Wisconsin",
    "wisconsin badgers": "Wisconsin",
    "wisconsin green bay phoenix": "Green Bay",
    "wisconsin milwaukee panthers": "Milwaukee",
    "wku": "Western Kentucky",
    "wmu": "Western Michigan",
    "wofford": "Wofford",
    "wolf pack": "Nevada",
    "wolfpack": "NC State",
    "wolverines": "Michigan",
    "wright st raiders": "Wright St.",
    "wright st.": "Wright St.",
    "wright state": "Wright St.",
    "wright state raiders": "Wright St.",
    "wvu": "West Virginia",
    "wyoming": "Wyoming",
    "wyoming cowboys": "Wyoming",
    "xavier": "Xavier",
    "xavier musketeers": "Xavier",
    "yale": "Yale",
    "yale bulldogs": "Yale",
    "yellow jackets": "Georgia Tech",
    "youngstown st penguins": "Youngstown St.",
    "youngstown st.": "Youngstown St.",
    "youngstown state": "Youngstown St.",
    "youngstown state penguins": "Youngstown St.",
    "zags": "Gonzaga",
    "zips": "Akron"
  },
  "canonical_names": [
    "Abilene Christian",
    "Air Force",
    "Akron",
    "Alabama",
    "Alabama A&M",
    "Alabama St.",
    "Albany",
    "Alcorn St.",
    "American",
    "Appalachian St.",
    "Arizona",
    "Arizona St.",
    "Arkansas",
    "Arkansas Pine Bluff",
    "Arkansas St.",
    "Army",
    "Auburn",
    "Austin Peay",
    "BYU",
    "Ball St.",
    "Baylor",
    "Bellarmine",
    "Belmont",
    "Bethune Cookman",
    "Binghamton",
    "Boise St.",
    "Boston College",
    "Boston U.",
    "Boston University",
    "Bowling Green",
    "Bradley",
    "Brown",
    "Bryant",
    "Bucknell",
    "Buffalo",
    "Butler",
    "Cal Baptist",
    "Cal Poly",
    "Cal St. Bakersfield",
    "Cal St. Fullerton",
    "Cal St. Northridge",
    "California",
    "Campbell",
    "Canisius",
    "Central Arkansas",
    "Central Connecticut",
    "Central Michigan",
    "Charleston",
    "Charleston Southern",
    "Charlotte",
    "Chattanooga",
    "Chicago St.",
    "Cincinnati",
    "Clemson",
    "Cleveland St.",
    "Coastal Carolina",
    "Colgate",
    "Colorado",
    "Colorado St.",
    "Columbia",
    "Connecticut",
    "Coppin St.",
    "Cornell",
    "Creighton",
    "Dartmouth",
    "Davidson",
    "Dayton",
    "DePaul",
    "Delaware",
    "Delaware St.",
    "Denver",
    "Detroit Mercy",
    "Drake",
    "Drexel",
    "Duke",
    "Duquesne",
    "East Carolina",
    "East Tennessee St.",
    "East Texas A&M",
    "Eastern Illinois",
    "Eastern Kentucky",
    "Eastern Michigan",
    "Eastern Washington",
    "Elon",
    "Evansville",
    "FIU",
    "Fairfield",
    "Fairleigh Dickinson",
    "Florida",
    "Florida A&M",
    "Florida Atlantic",
    "Florida Gulf Coast",
    "Florida St.",
    "Fordham",
    "Fresno St.",
    "Furman",
    "Gardner Webb",
    "George Mason",
    "George Washington",
    "Georgetown",
    "Georgia",
    "Georgia Southern",
    "Georgia St.",
    "Georgia Tech",
    "Gonzaga",
    "Grambling St.",
    "Grand Canyon",
    "Green Bay",
    "Hampton",
    "Hartford",
    "Harvard",
    "Hawaii",
    "High Point",
    "Hofstra",
    "Holy Cross",
    "Houston",
    "Houston Christian",
    "Howard",
    "IU Indy",
    "Idaho",
    "Idaho St.",
    "Illinois",
    "Illinois St.",
    "Incarnate Word",
    "Indiana",
    "Indiana St.",
    "Iona",
    "Iowa",
    "Iowa St.",
    "Jackson St.",
    "Jacksonville",
    "Jacksonville St.",
    "James Madison",
    "Kansas",
    "Kansas St.",
    "Kennesaw St.",
    "Kent St.",
    "Kentucky",
    "LIU",
    "LSU",
    "La Salle",
    "Lafayette",
    "Lamar",
    "Le Moyne",
    "Lehigh",
    "Liberty",
    "Lindenwood",
    "Lipscomb",
    "Little Rock",
    "Long Beach St.",
    "Long Island",
    "Longwood",
    "Louisiana",
    "Louisiana Monroe",
    "Louisiana Tech",
    "Louisville",
    "Loyola Chicago",
    "Loyola MD",
    "Loyola Marymount",
    "Maine",
    "Manhattan",
    "Marist",
    "Marquette",
    "Marshall",
    "Maryland",
    "Maryland Eastern Shore",
    "Massachusetts",
    "McNeese St.",
    "Memphis",
    "Mercer",
    "Mercyhurst",
    "Merrimack",
    "Miami FL",
    "Miami OH",
    "Michigan",
    "Michigan St.",
    "Middle Tennessee",
    "Milwaukee",
    "Minnesota",
    "Mississippi St.",
    "Mississippi Valley St.",
    "Missouri",
    "Missouri St.",
    "Monmouth",
    "Montana",
    "Montana St.",
    "Morehead St.",
    "Morgan St.",
    "Mount St. Mary's",
    "Murray St.",
    "NC A&T",
    "NC Central",
    "NC State",
    "NJIT",
    "Navy",
    "Nebraska",
    "Nebraska Omaha",
    "Nevada",
    "New Hampshire",
    "New Haven",
    "New Mexico",
    "New Mexico St.",
    "New Orleans",
    "Niagara",
    "Nicholls St.",
    "Norfolk St.",
    "North Alabama",
    "North Carolina",
    "North Carolina A&T",
    "North Carolina Central",
    "North Dakota",
    "North Dakota St.",
    "North Florida",
    "North Texas",
    "Northeastern",
    "Northern Arizona",
    "Northern Colorado",
    "Northern Illinois",
    "Northern Iowa",
    "Northern Kentucky",
    "Northwestern",
    "Northwestern St.",
    "Notre Dame",
    "Oakland",
    "Ohio",
    "Ohio St.",
    "Oklahoma",
    "Oklahoma St.",
    "Old Dominion",
    "Ole Miss",
    "Oral Roberts",
    "Oregon",
    "Oregon St.",
    "Pacific",
    "Penn",
    "Penn St.",
    "Pepperdine",
    "Pittsburgh",
    "Portland",
    "Portland St.",
    "Prairie View A&M",
    "Presbyterian",
    "Princeton",
    "Providence",
    "Purdue",
    "Purdue Fort Wayne",
    "Queens",
    "Quinnipiac",
    "Radford",
    "Rhode Island",
    "Rice",
    "Richmond",
    "Rider",
    "Robert Morris",
    "Rutgers",
    "SC State",
    "SIU Edwardsville",
    "SMU",
    "Sacramento St.",
    "Sacred Heart",
    "Saint Joseph's",
    "Saint Louis",
    "Saint Mary's",
    "Saint Peter's",
    "Sam Houston St.",
    "Samford",
    "San Diego",
    "San Diego St.",
    "San Francisco",
    "San Jose St.",
    "Santa Clara",
    "Savannah St.",
    "Seattle",
    "Seton Hall",
    "Siena",
    "South Alabama",
    "South Carolina",
    "South Carolina St.",
    "South Dakota",
    "South Dakota St.",
    "South Florida",
    "Southeast Missouri St.",
    "Southeastern Louisiana",
    "Southern",
    "Southern Illinois",
    "Southern Indiana",
    "Southern Miss",
    "Southern Utah",
    "St. Bonaventure",
    "St. Francis NY",
    "St. Francis PA",
    "St. John's",
    "St. Johns",
    "St. Thomas MN",
    "Stanford",
    "Stephen F. Austin",
    "Stetson",
    "Stonehill",
    "Stony Brook",
    "Syracuse",
    "TCU",
    "Tarleton St.",
    "Temple",
    "Tennessee",
    "Tennessee St.",
    "Tennessee Tech",
    "Texas",
    "Texas A&M",
    "Texas A&M Commerce",
    "Texas A&M Corpus Christi",
    "Texas Southern",
    "Texas St.",
    "Texas Tech",
    "The Citadel",
    "Toledo",
    "Towson",
    "Troy",
    "Tulane",
    "Tulsa",
    "UAB",
    "UC Davis",
    "UC Irvine",
    "UC Riverside",
    "UC San Diego",
    "UC Santa Barbara",
    "UCF",
    "UCLA",
    "UIC",
    "UMBC",
    "UMKC",
    "UMass",
    "UMass Lowell",
    "UNC Asheville",
    "UNC Greensboro",
    "UNC Wilmington",
    "UNLV",
    "USC",
    "USC Upstate",
    "UT Arlington",
    "UT Martin",
    "UT Rio Grande Valley",
    "UTEP",
    "UTSA",
    "Utah",
    "Utah St.",
    "Utah Tech",
    "Utah Valley",
    "VCU",
    "VMI",
    "Valparaiso",
    "Vanderbilt",
    "Vermont",
    "Villanova",
    "Virginia",
    "Virginia Tech",
    "Wagner",
    "Wake Forest",
    "Washington",
    "Washington St.",
    "Weber St.",
    "West Georgia",
    "West Virginia",
    "Western Carolina",
    "Western Illinois",
    "Western Kentucky",
    "Western Michigan",
    "Wichita St.",
    "William & Mary",
    "Winthrop",
    "Wisconsin",
    "Wofford",
    "Wright St.",
    "Wyoming",
    "Xavier",
    "Yale",
    "Youngstown St."
  ]
}