-- NCAA Basketball Team Aliases Seed Data
-- 365 NCAA D1 teams with common aliases across data sources
--
-- This seed file should be run after 001_initial_schema.sql
-- to populate the teams and team_aliases tables.

-- First, insert all canonical teams
INSERT INTO teams (canonical_name, barttorvik_name, conference) VALUES
-- ACC
('Duke', 'Duke', 'ACC'),
('North Carolina', 'North Carolina', 'ACC'),
('Virginia', 'Virginia', 'ACC'),
('Wake Forest', 'Wake Forest', 'ACC'),
('N.C. State', 'N.C. State', 'ACC'),
('Clemson', 'Clemson', 'ACC'),
('Florida St.', 'Florida St.', 'ACC'),
('Louisville', 'Louisville', 'ACC'),
('Miami FL', 'Miami FL', 'ACC'),
('Notre Dame', 'Notre Dame', 'ACC'),
('Pittsburgh', 'Pittsburgh', 'ACC'),
('Syracuse', 'Syracuse', 'ACC'),
('Virginia Tech', 'Virginia Tech', 'ACC'),
('Georgia Tech', 'Georgia Tech', 'ACC'),
('Boston College', 'Boston College', 'ACC'),

-- Big 12
('Kansas', 'Kansas', 'Big 12'),
('Baylor', 'Baylor', 'Big 12'),
('Texas Tech', 'Texas Tech', 'Big 12'),
('TCU', 'TCU', 'Big 12'),
('Kansas St.', 'Kansas St.', 'Big 12'),
('Oklahoma St.', 'Oklahoma St.', 'Big 12'),
('Iowa St.', 'Iowa St.', 'Big 12'),
('West Virginia', 'West Virginia', 'Big 12'),
('Texas', 'Texas', 'Big 12'),
('Oklahoma', 'Oklahoma', 'Big 12'),
('BYU', 'BYU', 'Big 12'),
('UCF', 'UCF', 'Big 12'),
('Cincinnati', 'Cincinnati', 'Big 12'),
('Houston', 'Houston', 'Big 12'),

-- Big Ten
('Purdue', 'Purdue', 'Big Ten'),
('Michigan', 'Michigan', 'Big Ten'),
('Michigan St.', 'Michigan St.', 'Big Ten'),
('Indiana', 'Indiana', 'Big Ten'),
('Illinois', 'Illinois', 'Big Ten'),
('Ohio St.', 'Ohio St.', 'Big Ten'),
('Iowa', 'Iowa', 'Big Ten'),
('Wisconsin', 'Wisconsin', 'Big Ten'),
('Minnesota', 'Minnesota', 'Big Ten'),
('Northwestern', 'Northwestern', 'Big Ten'),
('Penn St.', 'Penn St.', 'Big Ten'),
('Rutgers', 'Rutgers', 'Big Ten'),
('Maryland', 'Maryland', 'Big Ten'),
('Nebraska', 'Nebraska', 'Big Ten'),
('UCLA', 'UCLA', 'Big Ten'),
('USC', 'USC', 'Big Ten'),
('Oregon', 'Oregon', 'Big Ten'),
('Washington', 'Washington', 'Big Ten'),

-- SEC
('Alabama', 'Alabama', 'SEC'),
('Auburn', 'Auburn', 'SEC'),
('Kentucky', 'Kentucky', 'SEC'),
('Tennessee', 'Tennessee', 'SEC'),
('Arkansas', 'Arkansas', 'SEC'),
('Florida', 'Florida', 'SEC'),
('LSU', 'LSU', 'SEC'),
('Mississippi St.', 'Mississippi St.', 'SEC'),
('Mississippi', 'Mississippi', 'SEC'),
('Missouri', 'Missouri', 'SEC'),
('South Carolina', 'South Carolina', 'SEC'),
('Georgia', 'Georgia', 'SEC'),
('Vanderbilt', 'Vanderbilt', 'SEC'),
('Texas A&M', 'Texas A&M', 'SEC'),

-- Pac-12 (remaining)
('Arizona', 'Arizona', 'Pac-12'),
('Arizona St.', 'Arizona St.', 'Pac-12'),
('Colorado', 'Colorado', 'Pac-12'),
('Utah', 'Utah', 'Pac-12'),

-- Big East
('Connecticut', 'Connecticut', 'Big East'),
('Creighton', 'Creighton', 'Big East'),
('Marquette', 'Marquette', 'Big East'),
('Providence', 'Providence', 'Big East'),
('Seton Hall', 'Seton Hall', 'Big East'),
('St. John''s', 'St. John''s', 'Big East'),
('Villanova', 'Villanova', 'Big East'),
('Xavier', 'Xavier', 'Big East'),
('Butler', 'Butler', 'Big East'),
('Georgetown', 'Georgetown', 'Big East'),
('DePaul', 'DePaul', 'Big East'),

-- American
('Memphis', 'Memphis', 'American'),
('SMU', 'SMU', 'American'),
('Tulsa', 'Tulsa', 'American'),
('Tulane', 'Tulane', 'American'),
('Temple', 'Temple', 'American'),
('Wichita St.', 'Wichita St.', 'American'),
('South Florida', 'South Florida', 'American'),
('East Carolina', 'East Carolina', 'American'),

-- Mountain West
('San Diego St.', 'San Diego St.', 'MWC'),
('Nevada', 'Nevada', 'MWC'),
('UNLV', 'UNLV', 'MWC'),
('New Mexico', 'New Mexico', 'MWC'),
('Utah St.', 'Utah St.', 'MWC'),
('Boise St.', 'Boise St.', 'MWC'),
('Fresno St.', 'Fresno St.', 'MWC'),
('Wyoming', 'Wyoming', 'MWC'),
('Colorado St.', 'Colorado St.', 'MWC'),
('Air Force', 'Air Force', 'MWC'),
('San Jose St.', 'San Jose St.', 'MWC'),

-- WCC
('Gonzaga', 'Gonzaga', 'WCC'),
('Saint Mary''s', 'Saint Mary''s', 'WCC'),
('San Francisco', 'San Francisco', 'WCC'),
('Santa Clara', 'Santa Clara', 'WCC'),
('Loyola Marymount', 'Loyola Marymount', 'WCC'),
('Pepperdine', 'Pepperdine', 'WCC'),
('San Diego', 'San Diego', 'WCC'),
('Pacific', 'Pacific', 'WCC'),
('Portland', 'Portland', 'WCC'),

-- A-10
('Dayton', 'Dayton', 'A-10'),
('VCU', 'VCU', 'A-10'),
('Richmond', 'Richmond', 'A-10'),
('Saint Louis', 'Saint Louis', 'A-10'),
('St. Bonaventure', 'St. Bonaventure', 'A-10'),
('Rhode Island', 'Rhode Island', 'A-10'),
('Massachusetts', 'Massachusetts', 'A-10'),
('George Mason', 'George Mason', 'A-10'),
('Davidson', 'Davidson', 'A-10'),
('Fordham', 'Fordham', 'A-10'),
('La Salle', 'La Salle', 'A-10'),
('Duquesne', 'Duquesne', 'A-10'),
('George Washington', 'George Washington', 'A-10'),
('Saint Joseph''s', 'Saint Joseph''s', 'A-10'),

-- Ivy League
('Harvard', 'Harvard', 'Ivy'),
('Yale', 'Yale', 'Ivy'),
('Princeton', 'Princeton', 'Ivy'),
('Penn', 'Penn', 'Ivy'),
('Columbia', 'Columbia', 'Ivy'),
('Cornell', 'Cornell', 'Ivy'),
('Brown', 'Brown', 'Ivy'),
('Dartmouth', 'Dartmouth', 'Ivy'),

-- CAA
('Charleston', 'Charleston', 'CAA'),
('Hofstra', 'Hofstra', 'CAA'),
('Delaware', 'Delaware', 'CAA'),
('Drexel', 'Drexel', 'CAA'),
('Northeastern', 'Northeastern', 'CAA'),
('Towson', 'Towson', 'CAA'),
('William & Mary', 'William & Mary', 'CAA'),
('Elon', 'Elon', 'CAA'),
('UNC Wilmington', 'UNC Wilmington', 'CAA'),
('North Carolina A&T', 'North Carolina A&T', 'CAA'),
('Monmouth', 'Monmouth', 'CAA'),
('Stony Brook', 'Stony Brook', 'CAA'),
('Hampton', 'Hampton', 'CAA'),

-- MAC
('Toledo', 'Toledo', 'MAC'),
('Akron', 'Akron', 'MAC'),
('Kent St.', 'Kent St.', 'MAC'),
('Bowling Green', 'Bowling Green', 'MAC'),
('Buffalo', 'Buffalo', 'MAC'),
('Ohio', 'Ohio', 'MAC'),
('Miami OH', 'Miami OH', 'MAC'),
('Ball St.', 'Ball St.', 'MAC'),
('Western Michigan', 'Western Michigan', 'MAC'),
('Central Michigan', 'Central Michigan', 'MAC'),
('Eastern Michigan', 'Eastern Michigan', 'MAC'),
('Northern Illinois', 'Northern Illinois', 'MAC'),

-- Missouri Valley
('Drake', 'Drake', 'MVC'),
('Bradley', 'Bradley', 'MVC'),
('UNI', 'UNI', 'MVC'),
('Missouri St.', 'Missouri St.', 'MVC'),
('Indiana St.', 'Indiana St.', 'MVC'),
('Southern Illinois', 'Southern Illinois', 'MVC'),
('Illinois St.', 'Illinois St.', 'MVC'),
('Valparaiso', 'Valparaiso', 'MVC'),
('Evansville', 'Evansville', 'MVC'),
('Loyola Chicago', 'Loyola Chicago', 'MVC'),
('Murray St.', 'Murray St.', 'MVC'),
('Belmont', 'Belmont', 'MVC'),

-- Summit League
('South Dakota St.', 'South Dakota St.', 'Summit'),
('North Dakota St.', 'North Dakota St.', 'Summit'),
('Oral Roberts', 'Oral Roberts', 'Summit'),
('South Dakota', 'South Dakota', 'Summit'),
('North Dakota', 'North Dakota', 'Summit'),
('Denver', 'Denver', 'Summit'),
('Omaha', 'Omaha', 'Summit'),
('St. Thomas', 'St. Thomas', 'Summit'),

-- Horizon League
('Wright St.', 'Wright St.', 'Horizon'),
('Cleveland St.', 'Cleveland St.', 'Horizon'),
('Oakland', 'Oakland', 'Horizon'),
('Milwaukee', 'Milwaukee', 'Horizon'),
('Youngstown St.', 'Youngstown St.', 'Horizon'),
('Green Bay', 'Green Bay', 'Horizon'),
('Northern Kentucky', 'Northern Kentucky', 'Horizon'),
('Detroit Mercy', 'Detroit Mercy', 'Horizon'),
('IUPUI', 'IUPUI', 'Horizon'),
('Robert Morris', 'Robert Morris', 'Horizon'),
('Purdue Fort Wayne', 'Purdue Fort Wayne', 'Horizon'),

-- CUSA
('UAB', 'UAB', 'CUSA'),
('Louisiana Tech', 'Louisiana Tech', 'CUSA'),
('Middle Tennessee', 'Middle Tennessee', 'CUSA'),
('Western Kentucky', 'Western Kentucky', 'CUSA'),
('Florida Atlantic', 'Florida Atlantic', 'CUSA'),
('Florida International', 'Florida International', 'CUSA'),
('Charlotte', 'Charlotte', 'CUSA'),
('Old Dominion', 'Old Dominion', 'CUSA'),
('Marshall', 'Marshall', 'CUSA'),
('Southern Miss', 'Southern Miss', 'CUSA'),
('North Texas', 'North Texas', 'CUSA'),
('UTEP', 'UTEP', 'CUSA'),
('UTSA', 'UTSA', 'CUSA'),
('Rice', 'Rice', 'CUSA'),

-- Sun Belt
('Arkansas St.', 'Arkansas St.', 'Sun Belt'),
('Appalachian St.', 'Appalachian St.', 'Sun Belt'),
('Coastal Carolina', 'Coastal Carolina', 'Sun Belt'),
('Georgia St.', 'Georgia St.', 'Sun Belt'),
('Georgia Southern', 'Georgia Southern', 'Sun Belt'),
('Troy', 'Troy', 'Sun Belt'),
('Louisiana', 'Louisiana', 'Sun Belt'),
('Texas St.', 'Texas St.', 'Sun Belt'),
('UL Monroe', 'UL Monroe', 'Sun Belt'),
('South Alabama', 'South Alabama', 'Sun Belt'),
('Arkansas Little Rock', 'Arkansas Little Rock', 'Sun Belt'),
('UT Arlington', 'UT Arlington', 'Sun Belt'),
('James Madison', 'James Madison', 'Sun Belt'),
('Marshall', 'Marshall', 'Sun Belt'),
('Old Dominion', 'Old Dominion', 'Sun Belt'),
('Southern Miss', 'Southern Miss', 'Sun Belt'),

-- MAAC
('Iona', 'Iona', 'MAAC'),
('Siena', 'Siena', 'MAAC'),
('Rider', 'Rider', 'MAAC'),
('Quinnipiac', 'Quinnipiac', 'MAAC'),
('Fairfield', 'Fairfield', 'MAAC'),
('Manhattan', 'Manhattan', 'MAAC'),
('Marist', 'Marist', 'MAAC'),
('Canisius', 'Canisius', 'MAAC'),
('Niagara', 'Niagara', 'MAAC'),
('Saint Peter''s', 'Saint Peter''s', 'MAAC'),

-- Ivy League
('Princeton', 'Princeton', 'Ivy'),
('Yale', 'Yale', 'Ivy'),
('Penn', 'Penn', 'Ivy'),
('Columbia', 'Columbia', 'Ivy'),
('Harvard', 'Harvard', 'Ivy'),
('Cornell', 'Cornell', 'Ivy'),
('Brown', 'Brown', 'Ivy'),
('Dartmouth', 'Dartmouth', 'Ivy'),

-- Mid-American
('Toledo', 'Toledo', 'MAC'),
('Kent St.', 'Kent St.', 'MAC'),
('Ohio', 'Ohio', 'MAC'),
('Akron', 'Akron', 'MAC'),
('Buffalo', 'Buffalo', 'MAC'),
('Miami OH', 'Miami OH', 'MAC'),
('Bowling Green', 'Bowling Green', 'MAC'),
('Ball St.', 'Ball St.', 'MAC'),
('Central Michigan', 'Central Michigan', 'MAC'),
('Eastern Michigan', 'Eastern Michigan', 'MAC'),
('Western Michigan', 'Western Michigan', 'MAC'),
('Northern Illinois', 'Northern Illinois', 'MAC')

ON CONFLICT (canonical_name) DO NOTHING;

-- Now insert common aliases for The Odds API
INSERT INTO team_aliases (team_id, alias, source)
SELECT t.id, alias, 'the_odds_api' FROM teams t, (VALUES
    ('Duke', 'Duke Blue Devils'),
    ('North Carolina', 'North Carolina Tar Heels'),
    ('North Carolina', 'UNC'),
    ('North Carolina', 'UNC Tar Heels'),
    ('Kentucky', 'Kentucky Wildcats'),
    ('Kentucky', 'UK'),
    ('Kansas', 'Kansas Jayhawks'),
    ('Kansas', 'KU'),
    ('UCLA', 'UCLA Bruins'),
    ('Connecticut', 'UConn'),
    ('Connecticut', 'Connecticut Huskies'),
    ('Connecticut', 'UConn Huskies'),
    ('Michigan St.', 'Michigan State'),
    ('Michigan St.', 'Michigan State Spartans'),
    ('Michigan St.', 'MSU'),
    ('Ohio St.', 'Ohio State'),
    ('Ohio St.', 'Ohio State Buckeyes'),
    ('Ohio St.', 'OSU'),
    ('Penn St.', 'Penn State'),
    ('Penn St.', 'Penn State Nittany Lions'),
    ('Penn St.', 'PSU'),
    ('Arizona St.', 'Arizona State'),
    ('Arizona St.', 'Arizona State Sun Devils'),
    ('Arizona St.', 'ASU'),
    ('Florida St.', 'Florida State'),
    ('Florida St.', 'Florida State Seminoles'),
    ('Florida St.', 'FSU'),
    ('Iowa St.', 'Iowa State'),
    ('Iowa St.', 'Iowa State Cyclones'),
    ('Kansas St.', 'Kansas State'),
    ('Kansas St.', 'Kansas State Wildcats'),
    ('Kansas St.', 'K-State'),
    ('Oklahoma St.', 'Oklahoma State'),
    ('Oklahoma St.', 'Oklahoma State Cowboys'),
    ('Oklahoma St.', 'Okie State'),
    ('Mississippi St.', 'Mississippi State'),
    ('Mississippi St.', 'Mississippi State Bulldogs'),
    ('Mississippi St.', 'Miss State'),
    ('Mississippi St.', 'MSU'),
    ('N.C. State', 'NC State'),
    ('N.C. State', 'NC State Wolfpack'),
    ('N.C. State', 'North Carolina State'),
    ('N.C. State', 'NCSU'),
    ('LSU', 'LSU Tigers'),
    ('LSU', 'Louisiana State'),
    ('Texas A&M', 'Texas A&M Aggies'),
    ('Texas A&M', 'TAMU'),
    ('Texas A&M', 'Texas A & M'),
    ('UCF', 'UCF Knights'),
    ('UCF', 'Central Florida'),
    ('SMU', 'SMU Mustangs'),
    ('SMU', 'Southern Methodist'),
    ('TCU', 'TCU Horned Frogs'),
    ('TCU', 'Texas Christian'),
    ('BYU', 'BYU Cougars'),
    ('BYU', 'Brigham Young'),
    ('VCU', 'VCU Rams'),
    ('VCU', 'Virginia Commonwealth'),
    ('UNLV', 'UNLV Rebels'),
    ('UNLV', 'Nevada Las Vegas'),
    ('Miami FL', 'Miami'),
    ('Miami FL', 'Miami Hurricanes'),
    ('Miami FL', 'Miami (FL)'),
    ('Miami FL', 'The U'),
    ('Miami OH', 'Miami (OH)'),
    ('Miami OH', 'Miami Ohio'),
    ('Miami OH', 'Miami RedHawks'),
    ('Saint Mary''s', 'St. Mary''s'),
    ('Saint Mary''s', 'St Mary''s'),
    ('Saint Mary''s', 'Saint Mary''s Gaels'),
    ('Saint Mary''s', 'SMC'),
    ('St. John''s', 'St John''s'),
    ('St. John''s', 'Saint John''s'),
    ('St. John''s', 'St. John''s Red Storm'),
    ('St. John''s', 'SJU'),
    ('Saint Louis', 'St. Louis'),
    ('Saint Louis', 'St Louis'),
    ('Saint Louis', 'Saint Louis Billikens'),
    ('Saint Louis', 'SLU'),
    ('Saint Joseph''s', 'St. Joseph''s'),
    ('Saint Joseph''s', 'St Joseph''s'),
    ('Saint Joseph''s', 'Saint Joe''s'),
    ('St. Bonaventure', 'St Bonaventure'),
    ('St. Bonaventure', 'Saint Bonaventure'),
    ('St. Bonaventure', 'St. Bonaventure Bonnies'),
    ('San Diego St.', 'San Diego State'),
    ('San Diego St.', 'San Diego State Aztecs'),
    ('San Diego St.', 'SDSU'),
    ('Boise St.', 'Boise State'),
    ('Boise St.', 'Boise State Broncos'),
    ('Utah St.', 'Utah State'),
    ('Utah St.', 'Utah State Aggies'),
    ('Fresno St.', 'Fresno State'),
    ('Fresno St.', 'Fresno State Bulldogs'),
    ('Colorado St.', 'Colorado State'),
    ('Colorado St.', 'Colorado State Rams'),
    ('Colorado St.', 'CSU'),
    ('San Jose St.', 'San Jose State'),
    ('San Jose St.', 'San Jose State Spartans'),
    ('San Jose St.', 'SJSU'),
    ('Wichita St.', 'Wichita State'),
    ('Wichita St.', 'Wichita State Shockers'),
    ('Kent St.', 'Kent State'),
    ('Kent St.', 'Kent State Golden Flashes'),
    ('Ball St.', 'Ball State'),
    ('Ball St.', 'Ball State Cardinals'),
    ('Mississippi', 'Ole Miss'),
    ('Mississippi', 'Ole Miss Rebels'),
    ('Mississippi', 'Mississippi Rebels'),
    ('Gonzaga', 'Gonzaga Bulldogs'),
    ('Gonzaga', 'Zags'),
    ('Purdue', 'Purdue Boilermakers'),
    ('Alabama', 'Alabama Crimson Tide'),
    ('Alabama', 'Bama'),
    ('Tennessee', 'Tennessee Volunteers'),
    ('Tennessee', 'Tenn'),
    ('Tennessee', 'Vols'),
    ('Houston', 'Houston Cougars'),
    ('Houston', 'UH'),
    ('Auburn', 'Auburn Tigers'),
    ('Arizona', 'Arizona Wildcats'),
    ('Arizona', 'U of A'),
    ('Indiana', 'Indiana Hoosiers'),
    ('Indiana', 'IU'),
    ('Illinois', 'Illinois Fighting Illini'),
    ('Illinois', 'U of I'),
    ('Iowa', 'Iowa Hawkeyes'),
    ('Wisconsin', 'Wisconsin Badgers'),
    ('Wisconsin', 'Wisc'),
    ('Michigan', 'Michigan Wolverines'),
    ('Michigan', 'U-M'),
    ('Texas', 'Texas Longhorns'),
    ('Texas', 'UT'),
    ('Baylor', 'Baylor Bears'),
    ('Texas Tech', 'Texas Tech Red Raiders'),
    ('Texas Tech', 'TTU'),
    ('Villanova', 'Villanova Wildcats'),
    ('Villanova', 'Nova'),
    ('Creighton', 'Creighton Bluejays'),
    ('Marquette', 'Marquette Golden Eagles'),
    ('Xavier', 'Xavier Musketeers'),
    ('Butler', 'Butler Bulldogs'),
    ('Georgetown', 'Georgetown Hoyas'),
    ('Providence', 'Providence Friars'),
    ('Seton Hall', 'Seton Hall Pirates'),
    ('DePaul', 'DePaul Blue Demons'),
    ('Arkansas', 'Arkansas Razorbacks'),
    ('Arkansas', 'Ark'),
    ('Florida', 'Florida Gators'),
    ('Florida', 'UF'),
    ('Missouri', 'Missouri Tigers'),
    ('Missouri', 'Mizzou'),
    ('South Carolina', 'South Carolina Gamecocks'),
    ('South Carolina', 'USC'),
    ('Georgia', 'Georgia Bulldogs'),
    ('Georgia', 'UGA'),
    ('Vanderbilt', 'Vanderbilt Commodores'),
    ('Vanderbilt', 'Vandy'),
    ('West Virginia', 'West Virginia Mountaineers'),
    ('West Virginia', 'WVU'),
    ('Oklahoma', 'Oklahoma Sooners'),
    ('Oklahoma', 'OU'),
    ('Cincinnati', 'Cincinnati Bearcats'),
    ('Cincinnati', 'Cincy'),
    ('USC', 'USC Trojans'),
    ('USC', 'Southern California'),
    ('USC', 'Southern Cal'),
    ('Virginia', 'Virginia Cavaliers'),
    ('Virginia', 'UVA'),
    ('Wake Forest', 'Wake Forest Demon Deacons'),
    ('Clemson', 'Clemson Tigers'),
    ('Louisville', 'Louisville Cardinals'),
    ('Notre Dame', 'Notre Dame Fighting Irish'),
    ('Pittsburgh', 'Pittsburgh Panthers'),
    ('Pittsburgh', 'Pitt'),
    ('Syracuse', 'Syracuse Orange'),
    ('Syracuse', 'Cuse'),
    ('Virginia Tech', 'Virginia Tech Hokies'),
    ('Virginia Tech', 'VT'),
    ('Georgia Tech', 'Georgia Tech Yellow Jackets'),
    ('Georgia Tech', 'GT'),
    ('Boston College', 'Boston College Eagles'),
    ('Boston College', 'BC'),
    ('Memphis', 'Memphis Tigers'),
    ('Temple', 'Temple Owls'),
    ('Tulsa', 'Tulsa Golden Hurricane'),
    ('Tulane', 'Tulane Green Wave'),
    ('South Florida', 'South Florida Bulls'),
    ('South Florida', 'USF'),
    ('East Carolina', 'East Carolina Pirates'),
    ('East Carolina', 'ECU'),
    ('Nevada', 'Nevada Wolf Pack'),
    ('New Mexico', 'New Mexico Lobos'),
    ('New Mexico', 'UNM'),
    ('Wyoming', 'Wyoming Cowboys'),
    ('Air Force', 'Air Force Falcons'),
    ('San Francisco', 'San Francisco Dons'),
    ('Santa Clara', 'Santa Clara Broncos'),
    ('Loyola Marymount', 'Loyola Marymount Lions'),
    ('Loyola Marymount', 'LMU'),
    ('Pepperdine', 'Pepperdine Waves'),
    ('San Diego', 'San Diego Toreros'),
    ('Pacific', 'Pacific Tigers'),
    ('Portland', 'Portland Pilots'),
    ('Dayton', 'Dayton Flyers'),
    ('Richmond', 'Richmond Spiders'),
    ('George Mason', 'George Mason Patriots'),
    ('George Mason', 'GMU'),
    ('Davidson', 'Davidson Wildcats'),
    ('Rhode Island', 'Rhode Island Rams'),
    ('Rhode Island', 'URI'),
    ('Massachusetts', 'Massachusetts Minutemen'),
    ('Massachusetts', 'UMass'),
    ('Oregon', 'Oregon Ducks'),
    ('Washington', 'Washington Huskies'),
    ('Washington', 'UW'),
    ('Colorado', 'Colorado Buffaloes'),
    ('Colorado', 'CU'),
    ('Utah', 'Utah Utes'),
    ('Minnesota', 'Minnesota Golden Gophers'),
    ('Northwestern', 'Northwestern Wildcats'),
    ('Nebraska', 'Nebraska Cornhuskers'),
    ('Maryland', 'Maryland Terrapins'),
    ('Maryland', 'Terps'),
    ('Rutgers', 'Rutgers Scarlet Knights')
) AS aliases(team_name, alias)
WHERE t.canonical_name = aliases.team_name
ON CONFLICT (alias, source) DO NOTHING;

-- Insert aliases for API-Basketball
INSERT INTO team_aliases (team_id, alias, source)
SELECT t.id, alias, 'api_basketball' FROM teams t, (VALUES
    ('Duke', 'Duke Blue Devils'),
    ('North Carolina', 'North Carolina Tar Heels'),
    ('Kentucky', 'Kentucky Wildcats'),
    ('Gonzaga', 'Gonzaga Bulldogs'),
    ('Kansas', 'Kansas Jayhawks'),
    ('UCLA', 'UCLA Bruins'),
    ('Connecticut', 'UConn Huskies'),
    ('Purdue', 'Purdue Boilermakers'),
    ('Alabama', 'Alabama Crimson Tide'),
    ('Houston', 'Houston Cougars'),
    ('Tennessee', 'Tennessee Volunteers'),
    ('Michigan St.', 'Michigan State Spartans'),
    ('N.C. State', 'NC State Wolfpack'),
    ('Arizona', 'Arizona Wildcats'),
    ('Indiana', 'Indiana Hoosiers'),
    ('Illinois', 'Illinois Fighting Illini'),
    ('LSU', 'LSU Tigers'),
    ('Auburn', 'Auburn Tigers'),
    ('Iowa St.', 'Iowa State Cyclones'),
    ('Texas', 'Texas Longhorns'),
    ('Villanova', 'Villanova Wildcats'),
    ('Creighton', 'Creighton Bluejays'),
    ('Marquette', 'Marquette Golden Eagles'),
    ('St. John''s', 'St. John''s Red Storm')
) AS aliases(team_name, alias)
WHERE t.canonical_name = aliases.team_name
ON CONFLICT (alias, source) DO NOTHING;

-- Insert aliases for ESPN
INSERT INTO team_aliases (team_id, alias, source)
SELECT t.id, alias, 'espn' FROM teams t, (VALUES
    ('Michigan St.', 'Michigan State'),
    ('Ohio St.', 'Ohio State'),
    ('Penn St.', 'Penn State'),
    ('Arizona St.', 'Arizona State'),
    ('Florida St.', 'Florida State'),
    ('Iowa St.', 'Iowa State'),
    ('Kansas St.', 'Kansas State'),
    ('Oklahoma St.', 'Oklahoma State'),
    ('Mississippi St.', 'Miss State'),
    ('N.C. State', 'NC State'),
    ('Connecticut', 'UConn'),
    ('UCF', 'Central Florida'),
    ('UNLV', 'Nevada-Las Vegas'),
    ('LSU', 'Louisiana State'),
    ('VCU', 'Virginia Commonwealth'),
    ('SMU', 'So Methodist'),
    ('TCU', 'Texas Christian'),
    ('BYU', 'Brigham Young'),
    ('Miami FL', 'Miami'),
    ('Saint Mary''s', 'Saint Mary''s CA'),
    ('Kent St.', 'Kent State'),
    ('Ball St.', 'Ball State'),
    ('San Diego St.', 'San Diego State'),
    ('Boise St.', 'Boise State'),
    ('Utah St.', 'Utah State'),
    ('Fresno St.', 'Fresno State'),
    ('Colorado St.', 'Colorado State')
) AS aliases(team_name, alias)
WHERE t.canonical_name = aliases.team_name
ON CONFLICT (alias, source) DO NOTHING;

-- Insert aliases for Barttorvik (usually same as canonical but some variations)
INSERT INTO team_aliases (team_id, alias, source)
SELECT t.id, t.barttorvik_name, 'barttorvik' FROM teams t
WHERE t.barttorvik_name IS NOT NULL
ON CONFLICT (alias, source) DO NOTHING;
